PrecinctName	ReportingType	PrecinctID	Precincts	Registration	Ballots Cast	Turnout (%)	Yes	No	Under Vote	Over Vote
Pct 1101	Election Day	1101	1	485	97	20.00	66	25	6	0
Pct 1101	VBM	1101	1	485	169	34.85	106	60	4	0
Pct 1102	Election Day	1102	1	881	194	22.02	144	39	11	0
Pct 1102	VBM	1102	1	881	287	32.58	177	96	15	0
Pct 1103	Election Day	1103	1	844	166	19.67	116	42	8	0
Pct 1103	VBM	1103	1	844	299	35.43	196	89	13	1
Pct 1104/1105	Election Day	1104	1	838	161	19.21	90	57	15	0
Pct 1104/1105	VBM	1104	1	838	235	28.04	172	48	18	0
Pct 1106	Election Day	1106	1	696	116	16.67	79	33	4	0
Pct 1106	VBM	1106	1	696	216	31.03	130	77	10	0
Pct 1107	Election Day	1107	1	654	109	16.67	87	13	10	0
Pct 1107	VBM	1107	1	654	214	32.72	134	64	16	0
Pct 1108	Election Day	1108	1	830	155	18.67	117	28	15	0
Pct 1108	VBM	1108	1	830	278	33.49	208	57	13	1
Pct 1109	Election Day	1109	1	706	117	16.57	86	17	14	0
Pct 1109	VBM	1109	1	706	247	34.99	173	60	19	0
Pct 1111	Election Day	1111	1	860	118	13.72	79	29	10	0
Pct 1111	VBM	1111	1	860	263	30.58	182	61	20	0
Pct 1112	Election Day	1112	1	641	90	14.04	66	16	9	0
Pct 1112	VBM	1112	1	641	207	32.29	153	47	10	0
Pct 1113	Election Day	1113	1	625	73	11.68	53	17	3	0
Pct 1113	VBM	1113	1	625	235	37.60	156	68	11	0
Pct 1114	Election Day	1114	1	812	157	19.33	111	35	11	0
Pct 1114	VBM	1114	1	812	228	28.08	145	68	15	0
Pct 1115	Election Day	1115	1	766	101	13.19	81	14	6	0
Pct 1115	VBM	1115	1	766	255	33.29	160	79	17	0
Pct 1116	Election Day	1116	1	749	116	15.49	93	17	6	0
Pct 1116	VBM	1116	1	749	230	30.71	162	50	18	0
Pct 1117	Election Day	1117	1	732	120	16.39	87	22	11	0
Pct 1117	VBM	1117	1	732	213	29.10	150	48	15	0
Pct 1118	Election Day	1118	1	869	148	17.03	112	21	14	0
Pct 1118	VBM	1118	1	869	286	32.91	203	68	17	0
Pct 1119	Election Day	1119	1	684	109	15.94	91	10	11	0
Pct 1119	VBM	1119	1	684	218	31.87	157	59	5	0
Pct 1121	Election Day	1121	1	608	101	16.61	56	37	8	0
Pct 1121	VBM	1121	1	608	198	32.57	109	79	10	0
Pct 1122	Election Day	1122	1	541	70	12.94	54	15	1	0
Pct 1122	VBM	1122	1	541	169	31.24	103	59	8	0
Pct 1123	Election Day	1123	1	809	121	14.96	85	22	15	0
Pct 1123	VBM	1123	1	809	192	23.73	127	54	12	0
Pct 1124	Election Day	1124	1	684	115	16.81	87	18	10	0
Pct 1124	VBM	1124	1	684	159	23.25	111	42	6	0
Pct 1125	Election Day	1125	1	865	58	6.71	36	13	10	0
Pct 1125	VBM	1125	1	865	268	30.98	177	77	12	0
Pct 1126	Election Day	1126	1	804	92	11.44	67	19	6	0
Pct 1126	VBM	1126	1	804	224	27.86	155	53	15	0
Pct 1127	Election Day	1127	1	788	131	16.62	86	38	8	0
Pct 1127	VBM	1127	1	788	235	29.82	145	83	9	0
Pct 1128	Election Day	1128	1	732	99	13.52	59	33	6	0
Pct 1128	VBM	1128	1	732	215	29.37	121	75	19	0
Pct 1129	Election Day	1129	1	797	132	16.56	93	33	8	0
Pct 1129	VBM	1129	1	797	236	29.61	162	63	11	0
Pct 1131	Election Day	1131	1	715	67	9.37	47	13	7	0
Pct 1131	VBM	1131	1	715	245	34.27	140	93	12	0
Pct 1132	Election Day	1132	1	835	135	16.17	80	40	14	0
Pct 1132	VBM	1132	1	835	267	31.98	166	89	12	0
Pct 1133	Election Day	1133	1	768	82	10.68	48	28	6	0
Pct 1133	VBM	1133	1	768	274	35.68	168	90	15	0
Pct 1134	Election Day	1134	1	693	123	17.75	100	19	7	0
Pct 1134	VBM	1134	1	693	215	31.02	111	82	22	1
Pct 1135	Election Day	1135	1	454	59	13.00	39	18	1	0
Pct 1135	VBM	1135	1	454	180	39.65	105	69	6	0
Pct 1136	Election Day	1136	1	714	87	12.18	61	19	8	0
Pct 1136	VBM	1136	1	714	242	33.89	134	97	11	0
Pct 1141	Election Day	1141	1	868	125	14.40	89	28	8	0
Pct 1141	VBM	1141	1	868	314	36.18	226	78	14	1
Pct 1142	Election Day	1142	1	802	127	15.84	86	27	14	0
Pct 1142	VBM	1142	1	802	242	30.17	154	65	21	0
Pct 1143	Election Day	1143	1	849	166	19.55	132	24	10	0
Pct 1143	VBM	1143	1	849	270	31.80	181	80	11	0
Pct 1144	Election Day	1144	1	777	156	20.08	121	26	9	0
Pct 1144	VBM	1144	1	777	244	31.40	176	57	9	0
Pct 1145	Election Day	1145	1	810	169	20.86	118	35	15	1
Pct 1145	VBM	1145	1	810	313	38.64	215	73	26	0
Pct 1146	Election Day	1146	1	845	133	15.74	106	22	5	0
Pct 1146	VBM	1146	1	845	304	35.98	205	78	23	0
Pct 1147	Election Day	1147	1	780	167	21.41	128	30	10	0
Pct 1147	VBM	1147	1	780	237	30.38	171	56	10	0
Pct 1148	Election Day	1148	1	798	153	19.17	112	34	7	0
Pct 1148	VBM	1148	1	798	251	31.45	140	92	20	1
Pct 1149	Election Day	1149	1	806	159	19.73	107	37	14	1
Pct 1149	VBM	1149	1	806	265	32.88	185	69	12	0
Pct 1152	Election Day	1152	1	775	142	18.32	91	39	12	0
Pct 1152	VBM	1152	1	775	266	34.32	182	72	13	0
Pct 1153	Election Day	1153	1	799	156	19.52	108	38	9	0
Pct 1153	VBM	1153	1	799	263	32.92	171	79	11	0
Pct 7001	Election Day	7001	1	625	132	21.12	104	18	9	1
Pct 7001	VBM	7001	1	625	190	30.40	143	37	9	0
Pct 7002	Election Day	7002	1	820	155	18.90	122	19	14	0
Pct 7002	VBM	7002	1	820	253	30.85	165	67	22	0
Pct 7003	Election Day	7003	1	789	219	27.76	156	37	26	0
Pct 7003	VBM	7003	1	789	292	37.01	202	66	23	0
Pct 7004	Election Day	7004	1	786	204	25.95	148	42	15	0
Pct 7004	VBM	7004	1	786	256	32.57	183	55	20	0
Pct 7005	Election Day	7005	1	770	237	30.78	187	34	16	0
Pct 7005	VBM	7005	1	770	257	33.38	191	60	7	0
Pct 7006	Election Day	7006	1	824	227	27.55	181	35	13	0
Pct 7006	VBM	7006	1	824	238	28.88	180	48	11	0
Pct 7007	Election Day	7007	1	873	226	25.89	158	46	20	1
Pct 7007	VBM	7007	1	873	306	35.05	230	64	11	0
Pct 7008	Election Day	7008	1	784	247	31.51	198	32	15	1
Pct 7008	VBM	7008	1	784	294	37.50	208	70	19	0
Pct 7009	Election Day	7009	1	809	160	19.78	123	26	13	0
Pct 7009	VBM	7009	1	809	276	34.12	202	63	15	0
Pct 7011	Election Day	7011	1	905	150	16.57	123	19	8	0
Pct 7011	VBM	7011	1	905	165	18.23	125	34	7	0
Pct 7012	Election Day	7012	1	903	261	28.90	193	53	14	0
Pct 7012	VBM	7012	1	903	292	32.34	218	53	20	0
Pct 7013	Election Day	7013	1	598	141	23.58	100	26	15	0
Pct 7013	VBM	7013	1	598	167	27.93	130	32	11	0
Pct 7014	Election Day	7014	1	934	228	24.41	172	39	18	0
Pct 7014	VBM	7014	1	934	277	29.66	203	61	19	0
Pct 7015 MB	Election Day	7015	1	69	0	0.00	0	0	0	0
Pct 7015 MB	VBM	7015	1	69	28	40.58	21	6	1	0
Pct 7016	Election Day	7016	1	816	128	15.69	99	15	14	0
Pct 7016	VBM	7016	1	816	190	23.28	130	50	12	0
Pct 7017	Election Day	7017	1	670	96	14.33	78	8	10	0
Pct 7017	VBM	7017	1	670	144	21.49	110	18	14	0
Pct 7018	Election Day	7018	1	849	118	13.90	91	23	7	0
Pct 7018	VBM	7018	1	849	315	37.10	215	85	22	0
Pct 7019	Election Day	7019	1	857	135	15.75	112	13	11	0
Pct 7019	VBM	7019	1	857	314	36.64	220	68	22	0
Pct 7021	Election Day	7021	1	852	139	16.31	111	14	14	0
Pct 7021	VBM	7021	1	852	214	25.12	168	38	11	0
Pct 7022	Election Day	7022	1	894	166	18.57	138	15	12	0
Pct 7022	VBM	7022	1	894	247	27.63	188	40	24	0
Pct 7023	Election Day	7023	1	830	134	16.14	108	19	8	0
Pct 7023	VBM	7023	1	830	253	30.48	196	36	21	0
Pct 7024	Election Day	7024	1	274	24	8.76	16	3	4	0
Pct 7024	VBM	7024	1	274	22	8.03	16	4	2	0
Pct 7025	Election Day	7025	1	409	55	13.45	42	7	6	0
Pct 7025	VBM	7025	1	409	71	17.36	49	10	2	0
Pct 7026	Election Day	7026	1	861	98	11.38	70	19	9	0
Pct 7026	VBM	7026	1	861	334	38.79	201	108	28	0
Pct 7027	Election Day	7027	1	770	141	18.31	98	19	21	0
Pct 7027	VBM	7027	1	770	241	31.30	167	52	18	0
Pct 7028	Election Day	7028	1	777	152	19.56	115	22	14	0
Pct 7028	VBM	7028	1	777	161	20.72	116	23	15	0
Pct 7029	Election Day	7029	1	813	105	12.92	89	10	7	0
Pct 7029	VBM	7029	1	813	144	17.71	108	33	15	0
Pct 7030	Election Day	7030	1	686	108	15.74	68	29	11	0
Pct 7030	VBM	7030	1	686	258	37.61	139	104	20	0
Pct 7031	Election Day	7031	1	368	35	9.51	22	8	4	0
Pct 7031	VBM	7031	1	368	173	47.01	122	34	13	0
Pct 7032	Election Day	7032	1	815	109	13.37	86	9	14	0
Pct 7032	VBM	7032	1	815	228	27.98	159	48	20	0
Pct 7033	Election Day	7033	1	705	157	22.27	110	29	18	0
Pct 7033	VBM	7033	1	705	151	21.42	110	31	9	0
Pct 7034	Election Day	7034	1	781	139	17.80	102	13	23	0
Pct 7034	VBM	7034	1	781	119	15.24	97	11	9	0
Pct 7035	Election Day	7035	1	310	70	22.58	57	11	3	0
Pct 7035	VBM	7035	1	310	63	20.32	41	18	8	0
Pct 7036	Election Day	7036	1	808	83	10.27	60	15	7	0
Pct 7036	VBM	7036	1	808	235	29.08	150	68	16	1
Pct 7037	Election Day	7037	1	695	66	9.50	55	4	6	0
Pct 7037	VBM	7037	1	695	70	10.07	48	19	3	0
Pct 7038	Election Day	7038	1	817	98	12.00	73	15	12	0
Pct 7038	VBM	7038	1	817	246	30.11	159	67	17	1
Pct 7039	Election Day	7039	1	717	121	16.88	83	30	7	0
Pct 7039	VBM	7039	1	717	203	28.31	129	57	20	0
Pct 7041 MB	Election Day	7041	1	52	1	1.92	1	0	0	0
Pct 7041 MB	VBM	7041	1	52	21	40.38	13	8	1	0
Pct 7042	Election Day	7042	1	600	85	14.17	66	11	8	0
Pct 7042	VBM	7042	1	600	198	33.00	142	47	9	0
Pct 7043	Election Day	7043	1	793	100	12.61	83	12	6	0
Pct 7043	VBM	7043	1	793	252	31.78	177	45	26	0
Pct 7044	Election Day	7044	1	738	88	11.92	63	16	10	0
Pct 7044	VBM	7044	1	738	104	14.09	75	18	9	0
Pct 7045	Election Day	7045	1	697	109	15.64	72	23	14	0
Pct 7045	VBM	7045	1	697	258	37.02	141	83	35	0
Pct 7046	Election Day	7046	1	385	58	15.06	40	14	5	0
Pct 7046	VBM	7046	1	385	130	33.77	87	38	8	0
Pct 7047	Election Day	7047	1	742	105	14.15	78	16	11	0
Pct 7047	VBM	7047	1	742	283	38.14	171	88	21	0
Pct 7048	Election Day	7048	1	730	93	12.74	64	19	8	0
Pct 7048	VBM	7048	1	730	223	30.55	168	42	14	0
Pct 7049	Election Day	7049	1	729	140	19.20	93	32	11	0
Pct 7049	VBM	7049	1	729	219	30.04	135	62	21	0
Pct 7051	Election Day	7051	1	777	94	12.10	54	24	16	0
Pct 7051	VBM	7051	1	777	301	38.74	201	72	27	0
Pct 7052	Election Day	7052	1	759	125	16.47	76	35	13	0
Pct 7052	VBM	7052	1	759	263	34.65	159	80	29	0
Pct 7053	Election Day	7053	1	407	37	9.09	32	4	1	0
Pct 7053	VBM	7053	1	407	175	43.00	87	70	14	0
Pct 7054	Election Day	7054	1	795	138	17.36	104	22	12	0
Pct 7054	VBM	7054	1	795	213	26.79	160	43	12	0
Pct 7101 MB	Election Day	7101	1	113	2	1.77	2	0	0	0
Pct 7101 MB	VBM	7101	1	113	54	47.79	48	4	1	0
Pct 7201	Election Day	7201	1	828	158	19.08	104	38	16	0
Pct 7201	VBM	7201	1	828	279	33.70	190	72	15	0
Pct 7202	Election Day	7202	1	744	177	23.79	109	52	16	0
Pct 7202	VBM	7202	1	744	249	33.47	147	75	23	0
Pct 7203	Election Day	7203	1	755	172	22.78	110	44	19	0
Pct 7203	VBM	7203	1	755	203	26.89	123	59	20	0
Pct 7204	Election Day	7204	1	790	166	21.01	114	36	17	0
Pct 7204	VBM	7204	1	790	280	35.44	186	81	17	1
Pct 7205	Election Day	7205	1	822	182	22.14	125	42	16	0
Pct 7205	VBM	7205	1	822	319	38.81	210	88	23	0
Pct 7206	Election Day	7206	1	325	84	25.85	55	24	6	0
Pct 7206	VBM	7206	1	325	85	26.15	55	20	10	0
Pct 7207	Election Day	7207	1	533	113	21.20	70	25	15	2
Pct 7207	VBM	7207	1	533	136	25.52	85	47	8	0
Pct 7208	Election Day	7208	1	542	85	15.68	62	17	8	0
Pct 7208	VBM	7208	1	542	183	33.76	123	50	13	0
Pct 7209	Election Day	7209	1	491	69	14.05	48	9	12	0
Pct 7209	VBM	7209	1	491	251	51.12	170	60	19	0
Pct 7301	Election Day	7301	1	834	156	18.71	101	36	19	0
Pct 7301	VBM	7301	1	834	254	30.46	167	65	21	0
Pct 7302	Election Day	7302	1	708	148	20.90	99	36	12	0
Pct 7302	VBM	7302	1	708	305	43.08	196	92	17	0
Pct 7303	Election Day	7303	1	839	188	22.41	126	41	20	0
Pct 7303	VBM	7303	1	839	239	28.49	154	65	20	0
Pct 7304	Election Day	7304	1	860	199	23.14	149	38	13	0
Pct 7304	VBM	7304	1	860	282	32.79	190	64	27	0
Pct 7305	Election Day	7305	1	773	166	21.47	110	47	9	0
Pct 7305	VBM	7305	1	773	269	34.80	178	80	11	0
Pct 7306	Election Day	7306	1	864	212	24.54	145	43	24	0
Pct 7306	VBM	7306	1	864	229	26.50	141	75	13	0
Pct 7307	Election Day	7307	1	671	145	21.61	113	25	7	0
Pct 7307	VBM	7307	1	671	201	29.96	133	53	14	0
Pct 7308	Election Day	7308	1	528	134	25.38	89	35	10	0
Pct 7308	VBM	7308	1	528	192	36.36	110	63	17	0
Pct 7309	Election Day	7309	1	719	168	23.37	113	37	18	0
Pct 7309	VBM	7309	1	719	175	24.34	108	52	14	1
Pct 7311	Election Day	7311	1	801	198	24.72	132	41	25	0
Pct 7311	VBM	7311	1	801	239	29.84	156	64	20	0
Pct 7312	Election Day	7312	1	814	161	19.78	108	39	14	0
Pct 7312	VBM	7312	1	814	327	40.17	185	115	24	0
Pct 7313	Election Day	7313	1	773	139	17.98	91	39	8	0
Pct 7313	VBM	7313	1	773	273	35.32	184	73	17	0
Pct 7314	Election Day	7314	1	615	80	13.01	45	18	17	0
Pct 7314	VBM	7314	1	615	204	33.17	133	41	27	1
Pct 7315	Election Day	7315	1	623	128	20.55	89	34	6	0
Pct 7315	VBM	7315	1	623	163	26.16	124	33	12	0
Pct 7316	Election Day	7316	1	701	120	17.12	90	20	10	0
Pct 7316	VBM	7316	1	701	224	31.95	148	64	16	0
Pct 7317	Election Day	7317	1	838	175	20.88	118	36	21	0
Pct 7317	VBM	7317	1	838	298	35.56	181	86	30	0
Pct 7318	Election Day	7318	1	649	130	20.03	82	28	18	0
Pct 7318	VBM	7318	1	649	202	31.12	133	54	15	0
Pct 7319	Election Day	7319	1	876	175	19.98	123	37	15	0
Pct 7319	VBM	7319	1	876	246	28.08	162	61	22	0
Pct 7321	Election Day	7321	1	576	107	18.58	69	26	10	0
Pct 7321	VBM	7321	1	576	173	30.03	119	43	12	0
Pct 7322	Election Day	7322	1	745	71	9.53	46	12	13	0
Pct 7322	VBM	7322	1	745	275	36.91	191	58	30	0
Pct 7323	Election Day	7323	1	686	159	23.18	107	36	17	0
Pct 7323	VBM	7323	1	686	199	29.01	147	41	14	0
Pct 7324	Election Day	7324	1	631	116	18.38	90	19	7	0
Pct 7324	VBM	7324	1	631	176	27.89	126	42	10	0
Pct 7325	Election Day	7325	1	792	179	22.60	112	47	19	0
Pct 7325	VBM	7325	1	792	217	27.40	151	51	14	0
Pct 7326	Election Day	7326	1	736	142	19.29	110	24	8	0
Pct 7326	VBM	7326	1	736	215	29.21	147	50	20	1
Pct 7327	Election Day	7327	1	552	53	9.60	34	10	9	0
Pct 7327	VBM	7327	1	552	210	38.04	142	43	28	0
Pct 7328	Election Day	7328	1	735	60	8.16	32	13	14	0
Pct 7328	VBM	7328	1	735	298	40.54	203	72	21	1
Pct 7329	Election Day	7329	1	419	64	15.27	41	21	5	0
Pct 7329	VBM	7329	1	419	157	37.47	102	47	11	0
Pct 7331	Election Day	7331	1	777	169	21.75	104	51	14	0
Pct 7331	VBM	7331	1	777	324	41.70	202	96	26	0
Pct 7332	Election Day	7332	1	683	141	20.64	109	23	9	0
Pct 7332	VBM	7332	1	683	194	28.40	138	42	14	0
Pct 7333	Election Day	7333	1	839	180	21.45	113	45	23	0
Pct 7333	VBM	7333	1	839	249	29.68	177	54	21	0
Pct 7334	Election Day	7334	1	760	170	22.37	128	28	13	0
Pct 7334	VBM	7334	1	760	233	30.66	163	53	16	0
Pct 7335	Election Day	7335	1	791	142	17.95	100	30	12	0
Pct 7335	VBM	7335	1	791	274	34.64	161	93	17	0
Pct 7336	Election Day	7336	1	824	176	21.36	132	33	11	0
Pct 7336	VBM	7336	1	824	280	33.98	180	81	19	0
Pct 7337	Election Day	7337	1	756	150	19.84	102	34	15	0
Pct 7337	VBM	7337	1	756	276	36.51	166	78	30	0
Pct 7338	Election Day	7338	1	803	95	11.83	68	17	10	1
Pct 7338	VBM	7338	1	803	320	39.85	218	75	29	0
Pct 7339	Election Day	7339	1	562	112	19.93	74	30	9	0
Pct 7339	VBM	7339	1	562	152	27.05	106	29	17	1
Pct 7341	Election Day	7341	1	753	155	20.58	116	33	10	0
Pct 7341	VBM	7341	1	753	199	26.43	144	39	17	0
Pct 7342	Election Day	7342	1	805	218	27.08	161	43	14	0
Pct 7342	VBM	7342	1	805	198	24.60	123	58	17	0
Pct 7343	Election Day	7343	1	591	137	23.18	101	25	11	0
Pct 7343	VBM	7343	1	591	119	20.14	85	25	8	0
Pct 7344	Election Day	7344	1	916	165	18.01	116	37	12	0
Pct 7344	VBM	7344	1	916	268	29.26	186	66	16	0
Pct 7345	Election Day	7345	1	859	175	20.37	136	30	9	0
Pct 7345	VBM	7345	1	859	197	22.93	140	45	12	1
Pct 7346	Election Day	7346	1	754	176	23.34	141	28	7	0
Pct 7346	VBM	7346	1	754	134	17.77	103	24	7	0
Pct 7347	Election Day	7347	1	786	139	17.68	115	16	8	0
Pct 7347	VBM	7347	1	786	189	24.05	142	36	10	0
Pct 7348	Election Day	7348	1	743	117	15.75	83	26	7	0
Pct 7348	VBM	7348	1	743	181	24.36	122	44	16	0
Pct 7349	Election Day	7349	1	754	160	21.22	118	31	11	0
Pct 7349	VBM	7349	1	754	226	29.97	148	55	25	0
Pct 7501	Election Day	7501	1	491	138	28.11	100	25	14	0
Pct 7501	VBM	7501	1	491	142	28.92	88	44	10	0
Pct 7502	Election Day	7502	1	674	133	19.73	86	29	19	0
Pct 7502	VBM	7502	1	674	208	30.86	135	61	12	0
Pct 7503	Election Day	7503	1	692	140	20.23	103	24	13	0
Pct 7503	VBM	7503	1	692	193	27.89	141	40	15	0
Pct 7504	Election Day	7504	1	426	75	17.61	50	16	10	0
Pct 7504	VBM	7504	1	426	131	30.75	96	23	12	1
Pct 7505	Election Day	7505	1	819	133	16.24	100	20	14	0
Pct 7505	VBM	7505	1	819	381	46.52	279	72	28	0
Pct 7506	Election Day	7506	1	753	126	16.73	98	18	11	0
Pct 7506	VBM	7506	1	753	206	27.36	159	39	8	0
Pct 7507	Election Day	7507	1	885	150	16.95	111	23	16	0
Pct 7507	VBM	7507	1	885	250	28.25	192	35	25	0
Pct 7508	Election Day	7508	1	650	133	20.46	87	37	9	0
Pct 7508	VBM	7508	1	650	265	40.77	164	79	23	0
Pct 7509/7511	Election Day	7509	1	857	155	18.09	106	38	11	0
Pct 7509/7511	VBM	7509	1	857	289	33.72	195	75	19	0
Pct 7512	Election Day	7512	1	542	107	19.74	91	8	9	0
Pct 7512	VBM	7512	1	542	178	32.84	128	37	13	0
Pct 7513	Election Day	7513	1	705	153	21.70	122	17	14	0
Pct 7513	VBM	7513	1	705	154	21.84	120	25	9	0
Pct 7514	Election Day	7514	1	780	97	12.44	73	10	14	0
Pct 7514	VBM	7514	1	780	209	26.79	170	27	12	0
Pct 7515	Election Day	7515	1	765	164	21.44	125	24	16	0
Pct 7515	VBM	7515	1	765	241	31.50	173	48	23	0
Pct 7516	Election Day	7516	1	750	146	19.47	107	28	12	0
Pct 7516	VBM	7516	1	750	277	36.93	191	69	17	0
Pct 7517	Election Day	7517	1	783	232	29.63	196	21	15	0
Pct 7517	VBM	7517	1	783	203	25.93	155	33	13	0
Pct 7518	Election Day	7518	1	802	246	30.67	199	27	20	0
Pct 7518	VBM	7518	1	802	207	25.81	163	34	11	0
Pct 7519	Election Day	7519	1	677	185	27.33	158	13	15	0
Pct 7519	VBM	7519	1	677	164	24.22	126	29	9	0
Pct 7521	Election Day	7521	1	737	188	25.51	149	25	15	0
Pct 7521	VBM	7521	1	737	210	28.49	173	23	14	0
Pct 7522	Election Day	7522	1	758	192	25.33	160	13	23	0
Pct 7522	VBM	7522	1	758	187	24.67	143	34	11	0
Pct 7523	Election Day	7523	1	685	229	33.43	191	30	9	0
Pct 7523	VBM	7523	1	685	149	21.75	113	26	10	0
Pct 7524	Election Day	7524	1	571	124	21.72	99	18	9	0
Pct 7524	VBM	7524	1	571	135	23.64	98	23	14	0
Pct 7525	Election Day	7525	1	761	167	21.94	137	16	14	0
Pct 7525	VBM	7525	1	761	190	24.97	152	23	15	0
Pct 7526	Election Day	7526	1	830	232	27.95	184	32	16	0
Pct 7526	VBM	7526	1	830	247	29.76	198	41	10	0
Pct 7527/7528	Election Day	7527	1	685	185	27.01	145	22	19	0
Pct 7527/7528	VBM	7527	1	685	175	25.55	141	22	11	0
Pct 7529	Election Day	7529	1	798	208	26.07	169	22	17	0
Pct 7529	VBM	7529	1	798	225	28.20	178	32	15	0
Pct 7531	Election Day	7531	1	821	222	27.04	187	21	15	0
Pct 7531	VBM	7531	1	821	199	24.24	167	22	13	0
Pct 7532	Election Day	7532	1	636	170	26.73	136	24	10	0
Pct 7532	VBM	7532	1	636	155	24.37	112	33	10	0
Pct 7533	Election Day	7533	1	832	292	35.10	233	37	19	1
Pct 7533	VBM	7533	1	832	189	22.72	139	38	13	0
Pct 7534	Election Day	7534	1	788	241	30.58	196	26	21	0
Pct 7534	VBM	7534	1	788	186	23.60	139	41	7	0
Pct 7535	Election Day	7535	1	684	210	30.70	178	22	10	0
Pct 7535	VBM	7535	1	684	170	24.85	140	19	9	0
Pct 7536	Election Day	7536	1	738	214	29.00	174	31	9	0
Pct 7536	VBM	7536	1	738	215	29.13	165	41	10	0
Pct 7537	Election Day	7537	1	675	197	29.19	158	21	18	1
Pct 7537	VBM	7537	1	675	163	24.15	125	33	6	0
Pct 7538	Election Day	7538	1	737	249	33.79	204	29	16	0
Pct 7538	VBM	7538	1	737	192	26.05	149	32	13	0
Pct 7539	Election Day	7539	1	849	286	33.69	226	37	23	0
Pct 7539	VBM	7539	1	849	203	23.91	161	32	13	0
Pct 7541	Election Day	7541	1	740	211	28.51	173	29	9	0
Pct 7541	VBM	7541	1	740	196	26.49	150	37	10	0
Pct 7542	Election Day	7542	1	777	210	27.03	174	20	13	0
Pct 7542	VBM	7542	1	777	207	26.64	166	28	14	0
Pct 7543	Election Day	7543	1	837	172	20.55	142	22	10	0
Pct 7543	VBM	7543	1	837	271	32.38	212	43	15	0
Pct 7544	Election Day	7544	1	784	203	25.89	172	21	10	0
Pct 7544	VBM	7544	1	784	215	27.42	175	33	8	0
Pct 7545	Election Day	7545	1	793	182	22.95	142	22	18	0
Pct 7545	VBM	7545	1	793	226	28.50	164	52	10	0
Pct 7546	Election Day	7546	1	854	253	29.63	197	42	14	0
Pct 7546	VBM	7546	1	854	229	26.81	185	33	12	0
Pct 7547	Election Day	7547	1	880	237	26.93	196	35	7	0
Pct 7547	VBM	7547	1	880	238	27.05	189	30	23	0
Pct 7548	Election Day	7548	1	934	229	24.52	182	35	12	0
Pct 7548	VBM	7548	1	934	275	29.44	209	50	18	0
Pct 7549	Election Day	7549	1	734	190	25.89	149	28	14	0
Pct 7549	VBM	7549	1	734	203	27.66	148	44	12	0
Pct 7551	Election Day	7551	1	625	205	32.80	154	38	15	0
Pct 7551	VBM	7551	1	625	179	28.64	144	28	8	0
Pct 7552	Election Day	7552	1	668	206	30.84	165	26	16	0
Pct 7552	VBM	7552	1	668	207	30.99	166	29	14	0
Pct 7553 MB	Election Day	7553	1	155	7	4.52	3	1	1	0
Pct 7553 MB	VBM	7553	1	155	82	52.90	63	13	6	0
Pct 7554	Election Day	7554	1	757	204	26.95	159	29	17	0
Pct 7554	VBM	7554	1	757	258	34.08	208	34	18	0
Pct 7555	Election Day	7555	1	835	272	32.57	219	36	18	0
Pct 7555	VBM	7555	1	835	299	35.81	208	69	21	0
Pct 7556/7557	Election Day	7556	1	921	261	28.34	197	47	17	0
Pct 7556/7557	VBM	7556	1	921	311	33.77	238	62	13	0
Pct 7601	Election Day	7601	1	786	125	15.90	93	26	7	0
Pct 7601	VBM	7601	1	786	164	20.87	118	31	13	0
Pct 7602	Election Day	7602	1	785	152	19.36	109	28	14	1
Pct 7602	VBM	7602	1	785	174	22.17	126	36	14	0
Pct 7603	Election Day	7603	1	700	177	25.29	135	25	16	0
Pct 7603	VBM	7603	1	700	165	23.57	135	20	9	0
Pct 7604	Election Day	7604	1	705	122	17.30	89	20	14	0
Pct 7604	VBM	7604	1	705	157	22.27	120	30	8	0
Pct 7605	Election Day	7605	1	679	106	15.61	74	14	20	0
Pct 7605	VBM	7605	1	679	156	22.97	116	27	12	0
Pct 7606	Election Day	7606	1	772	119	15.41	82	20	18	0
Pct 7606	VBM	7606	1	772	168	21.76	123	33	13	0
Pct 7607	Election Day	7607	1	828	145	17.51	105	17	22	1
Pct 7607	VBM	7607	1	828	232	28.02	168	44	15	0
Pct 7608	Election Day	7608	1	423	47	11.11	36	7	6	0
Pct 7608	VBM	7608	1	423	100	23.64	59	26	14	0
Pct 7609	Election Day	7609	1	826	90	10.90	52	14	25	0
Pct 7609	VBM	7609	1	826	247	29.90	171	43	34	0
Pct 7611	Election Day	7611	1	796	109	13.69	73	17	20	0
Pct 7611	VBM	7611	1	796	205	25.75	142	25	35	0
Pct 7612	Election Day	7612	1	580	93	16.03	63	16	14	0
Pct 7612	VBM	7612	1	580	170	29.31	121	35	15	0
Pct 7613	Election Day	7613	1	831	142	17.09	109	18	17	0
Pct 7613	VBM	7613	1	831	207	24.91	162	28	17	0
Pct 7614	Election Day	7614	1	875	126	14.40	91	19	17	0
Pct 7614	VBM	7614	1	875	205	23.43	146	47	13	0
Pct 7615	Election Day	7615	1	866	95	10.97	61	19	14	0
Pct 7615	VBM	7615	1	866	176	20.32	138	28	10	0
Pct 7616	Election Day	7616	1	475	99	20.84	73	17	9	0
Pct 7616	VBM	7616	1	475	143	30.11	102	34	6	0
Pct 7617	Election Day	7617	1	709	106	14.95	66	18	22	0
Pct 7617	VBM	7617	1	709	196	27.64	145	29	21	0
Pct 7618	Election Day	7618	1	798	136	17.04	108	20	10	0
Pct 7618	VBM	7618	1	798	253	31.70	169	67	17	0
Pct 7619	Election Day	7619	1	1124	181	16.10	131	29	20	0
Pct 7619	VBM	7619	1	1124	336	29.89	237	72	28	0
Pct 7621	Election Day	7621	1	810	124	15.31	99	20	5	0
Pct 7621	VBM	7621	1	810	244	30.12	173	57	16	0
Pct 7622	Election Day	7622	1	847	104	12.28	70	20	12	0
Pct 7622	VBM	7622	1	847	170	20.07	121	29	21	0
Pct 7623	Election Day	7623	1	740	95	12.84	73	9	13	0
Pct 7623	VBM	7623	1	740	165	22.30	125	31	8	0
Pct 7624	Election Day	7624	1	880	113	12.84	86	13	15	0
Pct 7624	VBM	7624	1	880	165	18.75	122	31	13	0
Pct 7625	Election Day	7625	1	835	122	14.61	80	16	24	0
Pct 7625	VBM	7625	1	835	400	47.90	268	84	43	1
Pct 7626	Election Day	7626	1	892	131	14.69	87	30	15	0
Pct 7626	VBM	7626	1	892	299	33.52	189	88	24	0
Pct 7627	Election Day	7627	1	922	126	13.67	83	26	17	0
Pct 7627	VBM	7627	1	922	300	32.54	174	106	23	0
Pct 7628	Election Day	7628	1	862	161	18.68	124	27	10	0
Pct 7628	VBM	7628	1	862	221	25.64	164	37	23	0
Pct 7629	Election Day	7629	1	693	131	18.90	102	16	11	0
Pct 7629	VBM	7629	1	693	177	25.54	125	44	12	0
Pct 7631	Election Day	7631	1	781	144	18.44	101	32	11	0
Pct 7631	VBM	7631	1	781	275	35.21	192	62	18	0
Pct 7632	Election Day	7632	1	613	115	18.76	91	20	5	0
Pct 7632	VBM	7632	1	613	160	26.10	114	37	9	0
Pct 7633	Election Day	7633	1	634	93	14.67	66	23	4	0
Pct 7633	VBM	7633	1	634	255	40.22	178	55	22	0
Pct 7634	Election Day	7634	1	821	144	17.54	98	31	15	0
Pct 7634	VBM	7634	1	821	261	31.79	175	68	18	0
Pct 7635	Election Day	7635	1	729	92	12.62	58	24	9	0
Pct 7635	VBM	7635	1	729	246	33.74	180	51	18	1
Pct 7636	Election Day	7636	1	781	140	17.93	97	33	10	0
Pct 7636	VBM	7636	1	781	197	25.22	121	54	23	0
Pct 7637	Election Day	7637	1	929	128	13.78	84	35	9	0
Pct 7637	VBM	7637	1	929	320	34.45	202	97	20	0
Pct 7638	Election Day	7638	1	861	105	12.20	59	30	15	0
Pct 7638	VBM	7638	1	861	342	39.72	184	138	21	0
Pct 7639	Election Day	7639	1	780	125	16.03	80	29	16	0
Pct 7639	VBM	7639	1	780	244	31.28	147	79	17	0
Pct 7641	Election Day	7641	1	834	139	16.67	90	39	10	0
Pct 7641	VBM	7641	1	834	318	38.13	197	99	20	1
Pct 7642	Election Day	7642	1	832	113	13.58	59	28	26	0
Pct 7642	VBM	7642	1	832	398	47.84	216	93	89	0
Pct 7643	Election Day	7643	1	777	108	13.90	75	23	10	0
Pct 7643	VBM	7643	1	777	286	36.81	197	76	18	0
Pct 7644	Election Day	7644	1	837	151	18.04	106	35	10	0
Pct 7644	VBM	7644	1	837	208	24.85	129	72	15	0
Pct 7645	Election Day	7645	1	568	83	14.61	59	15	9	0
Pct 7645	VBM	7645	1	568	235	41.37	132	85	18	0
Pct 7646	Election Day	7646	1	1003	183	18.25	121	43	19	0
Pct 7646	VBM	7646	1	1003	321	32.00	216	87	26	0
Pct 7647	Election Day	7647	1	735	85	11.56	63	13	9	0
Pct 7647	VBM	7647	1	735	126	17.14	102	18	6	0
Pct 7648 MB	Election Day	7648	1	74	0	0.00	0	0	0	0
Pct 7648 MB	VBM	7648	1	74	35	47.30	19	13	3	0
Pct 7701	Election Day	7701	1	903	255	28.24	194	46	16	0
Pct 7701	VBM	7701	1	903	284	31.45	190	80	17	0
Pct 7702	Election Day	7702	1	683	144	21.08	85	46	13	0
Pct 7702	VBM	7702	1	683	292	42.75	176	101	16	0
Pct 7703 MB	Election Day	7703	1	137	1	0.73	0	1	0	0
Pct 7703 MB	VBM	7703	1	137	46	33.58	31	10	5	0
Pct 7704	Election Day	7704	1	897	221	24.64	140	74	7	0
Pct 7704	VBM	7704	1	897	346	38.57	177	143	27	0
Pct 7705	Election Day	7705	1	510	140	27.45	90	42	9	0
Pct 7705	VBM	7705	1	510	201	39.41	123	69	9	0
Pct 7706	Election Day	7706	1	774	208	26.87	124	79	6	0
Pct 7706	VBM	7706	1	774	318	41.09	211	92	17	0
Pct 7707	Election Day	7707	1	781	225	28.81	158	51	18	0
Pct 7707	VBM	7707	1	781	312	39.95	182	105	24	0
Pct 7708	Election Day	7708	1	821	180	21.92	135	38	7	0
Pct 7708	VBM	7708	1	821	341	41.53	209	110	21	0
Pct 7709	Election Day	7709	1	342	98	28.65	79	17	2	0
Pct 7709	VBM	7709	1	342	131	38.30	96	29	6	0
Pct 7711	Election Day	7711	1	725	170	23.45	132	25	12	0
Pct 7711	VBM	7711	1	725	257	35.45	172	67	17	0
Pct 7712	Election Day	7712	1	493	140	28.40	105	28	8	0
Pct 7712	VBM	7712	1	493	183	37.12	133	43	11	0
Pct 7801	Election Day	7801	1	899	247	27.47	196	37	14	0
Pct 7801	VBM	7801	1	899	346	38.49	238	98	13	0
Pct 7802	Election Day	7802	1	705	194	27.52	148	33	12	0
Pct 7802	VBM	7802	1	705	255	36.17	171	68	17	0
Pct 7803	Election Day	7803	1	763	187	24.51	138	38	11	0
Pct 7803	VBM	7803	1	763	344	45.09	219	98	22	0
Pct 7804	Election Day	7804	1	842	263	31.24	202	47	17	0
Pct 7804	VBM	7804	1	842	327	38.84	231	82	14	0
Pct 7805	Election Day	7805	1	785	193	24.59	163	21	10	0
Pct 7805	VBM	7805	1	785	297	37.83	213	71	10	0
Pct 7806	Election Day	7806	1	671	214	31.89	163	33	19	0
Pct 7806	VBM	7806	1	671	219	32.64	177	31	12	0
Pct 7807	Election Day	7807	1	668	246	36.83	198	36	12	0
Pct 7807	VBM	7807	1	668	190	28.44	153	28	9	0
Pct 7808	Election Day	7808	1	635	220	34.65	177	31	12	0
Pct 7808	VBM	7808	1	635	176	27.72	138	36	8	0
Pct 7809	Election Day	7809	1	863	252	29.20	200	32	22	0
Pct 7809	VBM	7809	1	863	244	28.27	170	51	26	0
Pct 7811	Election Day	7811	1	674	192	28.49	151	31	10	0
Pct 7811	VBM	7811	1	674	196	29.08	156	30	9	0
Pct 7812	Election Day	7812	1	804	223	27.74	163	42	19	0
Pct 7812	VBM	7812	1	804	256	31.84	197	41	14	0
Pct 7813	Election Day	7813	1	880	234	26.59	183	36	15	0
Pct 7813	VBM	7813	1	880	304	34.55	236	50	18	0
Pct 7814	Election Day	7814	1	792	186	23.48	147	21	16	0
Pct 7814	VBM	7814	1	792	195	24.62	144	36	9	1
Pct 7815	Election Day	7815	1	862	202	23.43	154	38	11	0
Pct 7815	VBM	7815	1	862	331	38.40	233	77	22	0
Pct 7816	Election Day	7816	1	825	208	25.21	150	43	16	0
Pct 7816	VBM	7816	1	825	330	40.00	230	87	13	0
Pct 7817	Election Day	7817	1	752	265	35.24	209	38	18	0
Pct 7817	VBM	7817	1	752	231	30.72	169	49	14	0
Pct 7818	Election Day	7818	1	797	223	27.98	170	42	12	0
Pct 7818	VBM	7818	1	797	276	34.63	208	55	16	0
Pct 7819	Election Day	7819	1	758	188	24.80	146	24	19	0
Pct 7819	VBM	7819	1	758	224	29.55	150	57	18	0
Pct 7821	Election Day	7821	1	895	244	27.26	187	41	15	0
Pct 7821	VBM	7821	1	895	365	40.78	243	90	31	0
Pct 7822	Election Day	7822	1	856	270	31.54	204	48	17	1
Pct 7822	VBM	7822	1	856	245	28.62	167	67	12	0
Pct 7823	Election Day	7823	1	804	255	31.72	196	37	23	0
Pct 7823	VBM	7823	1	804	272	33.83	177	69	23	0
Pct 7824	Election Day	7824	1	749	201	26.84	145	38	18	0
Pct 7824	VBM	7824	1	749	251	33.51	182	50	17	1
Pct 7825	Election Day	7825	1	524	164	31.30	137	19	7	1
Pct 7825	VBM	7825	1	524	150	28.63	105	29	13	0
Pct 7826	Election Day	7826	1	614	194	31.60	159	27	9	0
Pct 7826	VBM	7826	1	614	180	29.32	145	25	11	0
Pct 7827	Election Day	7827	1	839	247	29.44	218	15	14	0
Pct 7827	VBM	7827	1	839	203	24.20	160	28	14	0
Pct 7828	Election Day	7828	1	902	198	21.95	133	46	19	0
Pct 7828	VBM	7828	1	902	350	38.80	232	94	26	0
Pct 7829	Election Day	7829	1	811	218	26.88	151	52	15	0
Pct 7829	VBM	7829	1	811	346	42.66	229	93	25	0
Pct 7831	Election Day	7831	1	858	253	29.49	204	38	10	0
Pct 7831	VBM	7831	1	858	310	36.13	222	76	14	0
Pct 7832	Election Day	7832	1	746	188	25.20	144	31	13	0
Pct 7832	VBM	7832	1	746	285	38.20	203	57	25	0
Pct 7833	Election Day	7833	1	751	205	27.30	172	19	14	0
Pct 7833	VBM	7833	1	751	254	33.82	202	43	11	0
Pct 7834	Election Day	7834	1	826	262	31.72	198	32	30	0
Pct 7834	VBM	7834	1	826	217	26.27	178	29	10	0
Pct 7835	Election Day	7835	1	761	184	24.18	121	41	20	2
Pct 7835	VBM	7835	1	761	269	35.35	174	74	23	0
Pct 7836	Election Day	7836	1	892	232	26.01	165	56	11	0
Pct 7836	VBM	7836	1	892	353	39.57	233	99	19	1
Pct 7837	Election Day	7837	1	857	237	27.65	193	37	7	0
Pct 7837	VBM	7837	1	857	330	38.51	233	79	19	0
Pct 7838	Election Day	7838	1	879	242	27.53	181	48	14	0
Pct 7838	VBM	7838	1	879	349	39.70	238	94	18	0
Pct 7839	Election Day	7839	1	811	210	25.89	156	41	13	0
Pct 7839	VBM	7839	1	811	323	39.83	225	79	19	0
Pct 7841	Election Day	7841	1	870	274	31.49	215	40	19	0
Pct 7841	VBM	7841	1	870	289	33.22	231	45	15	0
Pct 7842	Election Day	7842	1	847	274	32.35	230	29	13	1
Pct 7842	VBM	7842	1	847	235	27.74	175	47	15	0
Pct 7843	Election Day	7843	1	751	220	29.29	178	28	15	0
Pct 7843	VBM	7843	1	751	212	28.23	149	47	15	0
Pct 7844	Election Day	7844	1	664	190	28.61	160	14	18	0
Pct 7844	VBM	7844	1	664	138	20.78	110	20	7	0
Pct 7845	Election Day	7845	1	820	211	25.73	164	33	14	0
Pct 7845	VBM	7845	1	820	319	38.90	243	52	25	0
Pct 7846	Election Day	7846	1	856	230	26.87	171	44	15	0
Pct 7846	VBM	7846	1	856	314	36.68	220	85	10	0
Pct 7847	Election Day	7847	1	840	230	27.38	175	40	15	0
Pct 7847	VBM	7847	1	840	292	34.76	219	64	13	0
Pct 7848	Election Day	7848	1	850	216	25.41	168	29	18	1
Pct 7848	VBM	7848	1	850	324	38.12	240	65	20	0
Pct 7849	Election Day	7849	1	880	256	29.09	196	43	20	0
Pct 7849	VBM	7849	1	880	287	32.61	209	62	16	0
Pct 7851	Election Day	7851	1	499	138	27.66	87	44	7	0
Pct 7851	VBM	7851	1	499	213	42.69	127	68	21	0
Pct 7852	Election Day	7852	1	607	148	24.38	85	52	11	0
Pct 7852	VBM	7852	1	607	250	41.19	169	64	18	0
Pct 7853	Election Day	7853	1	813	177	21.77	123	42	13	0
Pct 7853	VBM	7853	1	813	284	34.93	207	63	17	0
Pct 7854	Election Day	7854	1	848	221	26.06	186	27	8	0
Pct 7854	VBM	7854	1	848	281	33.14	204	60	17	0
Pct 7855	Election Day	7855	1	863	234	27.11	180	31	23	0
Pct 7855	VBM	7855	1	863	258	29.90	176	60	21	0
Pct 7856	Election Day	7856	1	775	227	29.29	183	31	14	0
Pct 7856	VBM	7856	1	775	239	30.84	171	53	15	0
Pct 7857	Election Day	7857	1	888	220	24.77	182	28	10	0
Pct 7857	VBM	7857	1	888	307	34.57	219	72	20	0
Pct 7858	Election Day	7858	1	693	228	32.90	181	23	25	0
Pct 7858	VBM	7858	1	693	176	25.40	136	33	7	0
Pct 7859	Election Day	7859	1	789	206	26.11	143	44	19	0
Pct 7859	VBM	7859	1	789	301	38.15	213	64	24	1
Pct 7861	Election Day	7861	1	823	229	27.83	179	36	15	0
Pct 7861	VBM	7861	1	823	298	36.21	203	70	23	0
Pct 7862	Election Day	7862	1	846	280	33.10	204	52	24	0
Pct 7862	VBM	7862	1	846	262	30.97	191	57	14	0
Pct 7863	Election Day	7863	1	841	293	34.84	236	44	14	0
Pct 7863	VBM	7863	1	841	233	27.71	175	51	10	0
Pct 7864	Election Day	7864	1	753	202	26.83	153	33	17	0
Pct 7864	VBM	7864	1	753	225	29.88	160	48	17	0
Pct 7865	Election Day	7865	1	776	206	26.55	161	37	8	0
Pct 7865	VBM	7865	1	776	274	35.31	211	47	17	0
Pct 7866	Election Day	7866	1	760	175	23.03	104	57	15	0
Pct 7866	VBM	7866	1	760	349	45.92	198	122	29	0
Pct 7867	Election Day	7867	1	849	236	27.80	182	42	12	0
Pct 7867	VBM	7867	1	849	305	35.92	220	67	17	0
Pct 7868	Election Day	7868	1	786	186	23.66	141	28	19	0
Pct 7868	VBM	7868	1	786	303	38.55	214	68	21	0
Pct 7869	Election Day	7869	1	801	223	27.84	159	46	16	0
Pct 7869	VBM	7869	1	801	316	39.45	222	73	21	0
Pct 7871	Election Day	7871	1	836	242	28.95	183	51	9	0
Pct 7871	VBM	7871	1	836	311	37.20	228	59	24	0
Pct 7872	Election Day	7872	1	852	284	33.33	212	46	27	0
Pct 7872	VBM	7872	1	852	301	35.33	211	76	14	0
Pct 7873	Election Day	7873	1	852	249	29.23	203	34	12	0
Pct 7873	VBM	7873	1	852	320	37.56	231	68	24	0
Pct 7874	Election Day	7874	1	438	99	22.60	69	22	8	0
Pct 7874	VBM	7874	1	438	145	33.11	104	33	8	1
Pct 7875	Election Day	7875	1	539	123	22.82	97	20	6	0
Pct 7875	VBM	7875	1	539	182	33.77	121	50	12	0
Pct 7901	Election Day	7901	1	949	194	20.44	152	30	13	0
Pct 7901	VBM	7901	1	949	237	24.97	184	41	13	1
Pct 7902	Election Day	7902	1	852	174	20.42	139	26	10	0
Pct 7902	VBM	7902	1	852	196	23.00	145	32	19	0
Pct 7903	Election Day	7903	1	807	162	20.07	133	14	17	0
Pct 7903	VBM	7903	1	807	204	25.28	154	29	21	0
Pct 7904	Election Day	7904	1	795	165	20.75	143	12	9	0
Pct 7904	VBM	7904	1	795	205	25.79	155	39	12	0
Pct 7905	Election Day	7905	1	779	208	26.70	172	20	16	0
Pct 7905	VBM	7905	1	779	208	26.70	154	42	11	0
Pct 7906	Election Day	7906	1	732	186	25.41	158	15	13	0
Pct 7906	VBM	7906	1	732	194	26.50	154	30	11	0
Pct 7907	Election Day	7907	1	871	234	26.87	199	22	13	0
Pct 7907	VBM	7907	1	871	229	26.29	180	35	12	0
Pct 7908	Election Day	7908	1	914	277	30.31	208	46	22	0
Pct 7908	VBM	7908	1	914	255	27.90	196	44	16	0
Pct 7909	Election Day	7909	1	700	195	27.86	172	11	12	0
Pct 7909	VBM	7909	1	700	180	25.71	150	22	9	0
Pct 7911	Election Day	7911	1	819	215	26.25	176	29	10	0
Pct 7911	VBM	7911	1	819	206	25.15	160	33	13	0
Pct 7912	Election Day	7912	1	850	229	26.94	193	16	20	0
Pct 7912	VBM	7912	1	850	226	26.59	187	32	12	0
Pct 7913	Election Day	7913	1	790	237	30.00	187	28	23	0
Pct 7913	VBM	7913	1	790	196	24.81	148	43	5	0
Pct 7914	Election Day	7914	1	809	233	28.80	193	23	17	0
Pct 7914	VBM	7914	1	809	232	28.68	183	29	16	1
Pct 7915	Election Day	7915	1	746	214	28.69	175	26	13	0
Pct 7915	VBM	7915	1	746	162	21.72	135	18	9	0
Pct 7916	Election Day	7916	1	822	244	29.68	200	27	15	0
Pct 7916	VBM	7916	1	822	221	26.89	189	24	10	0
Pct 7917	Election Day	7917	1	891	257	28.84	218	23	16	1
Pct 7917	VBM	7917	1	891	222	24.92	184	29	11	0
Pct 7918	Election Day	7918	1	735	234	31.84	201	20	13	0
Pct 7918	VBM	7918	1	735	165	22.45	131	23	12	0
Pct 7919	Election Day	7919	1	788	236	29.95	201	20	15	0
Pct 7919	VBM	7919	1	788	176	22.34	146	17	11	0
Pct 7921	Election Day	7921	1	803	175	21.79	143	19	13	0
Pct 7921	VBM	7921	1	803	177	22.04	139	32	6	0
Pct 7922	Election Day	7922	1	795	221	27.80	189	18	14	0
Pct 7922	VBM	7922	1	795	230	28.93	195	29	7	0
Pct 7923	Election Day	7923	1	767	252	32.86	205	21	26	0
Pct 7923	VBM	7923	1	767	198	25.81	142	41	17	0
Pct 7924	Election Day	7924	1	773	218	28.20	185	21	12	0
Pct 7924	VBM	7924	1	773	219	28.33	156	54	10	0
Pct 7925	Election Day	7925	1	504	148	29.37	126	16	6	0
Pct 7925	VBM	7925	1	504	143	28.37	114	21	8	0
Pct 7926	Election Day	7926	1	781	236	30.22	201	21	14	0
Pct 7926	VBM	7926	1	781	237	30.35	187	40	11	0
Pct 7927	Election Day	7927	1	699	233	33.33	190	28	16	0
Pct 7927	VBM	7927	1	699	214	30.62	177	34	5	0
Pct 7928	Election Day	7928	1	853	262	30.72	223	30	9	0
Pct 7928	VBM	7928	1	853	264	30.95	196	49	20	0
Pct 7929	Election Day	7929	1	809	235	29.05	186	37	12	0
Pct 7929	VBM	7929	1	809	301	37.21	230	54	17	0
Pct 7931	Election Day	7931	1	695	209	30.07	173	28	8	0
Pct 7931	VBM	7931	1	695	270	38.85	203	58	9	0
Pct 7932	Election Day	7932	1	509	143	28.09	115	21	7	0
Pct 7932	VBM	7932	1	509	179	35.17	134	36	9	0
Pct 7933 MB	Election Day	7933	1	9	0	0.00	0	0	0	0
Pct 7933 MB	VBM	7933	1	9	4	44.44	2	1	1	0
Pct 7934	Election Day	7934	1	784	220	28.06	192	17	10	1
Pct 7934	VBM	7934	1	784	268	34.18	225	31	13	0
Pct 7935	Election Day	7935	1	879	281	31.97	230	33	19	0
Pct 7935	VBM	7935	1	879	308	35.04	243	56	11	1
Pct 7936	Election Day	7936	1	800	272	34.00	218	35	18	1
Pct 7936	VBM	7936	1	800	262	32.75	210	38	14	0
Pct 7937	Election Day	7937	1	814	221	27.15	178	27	17	0
Pct 7937	VBM	7937	1	814	276	33.91	218	45	13	0
Pct 7938	Election Day	7938	1	705	200	28.37	173	19	9	0
Pct 7938	VBM	7938	1	705	186	26.38	145	33	9	0
Pct 7939	Election Day	7939	1	658	205	31.16	169	21	14	0
Pct 7939	VBM	7939	1	658	219	33.28	174	31	13	0
Pct 7941	Election Day	7941	1	731	199	27.22	160	24	14	0
Pct 7941	VBM	7941	1	731	241	32.97	180	49	10	0
Pct 7942	Election Day	7942	1	807	166	20.57	134	28	5	0
Pct 7942	VBM	7942	1	807	252	31.23	184	49	18	1
Pct 7943	Election Day	7943	1	802	210	26.18	154	42	14	0
Pct 7943	VBM	7943	1	802	270	33.67	177	68	23	0
Pct 7944	Election Day	7944	1	742	212	28.57	188	15	9	0
Pct 7944	VBM	7944	1	742	215	28.98	158	49	9	0
Pct 7945	Election Day	7945	1	798	106	13.28	82	12	12	0
Pct 7945	VBM	7945	1	798	252	31.58	197	48	8	0
Pct 7946	Election Day	7946	1	865	146	16.88	103	38	5	0
Pct 7946	VBM	7946	1	865	309	35.72	197	88	27	0
Pct 7947	Election Day	7947	1	823	126	15.31	80	37	10	0
Pct 7947	VBM	7947	1	823	258	31.35	149	81	27	0
Pct 7948	Election Day	7948	1	830	184	22.17	127	46	11	0
Pct 7948	VBM	7948	1	830	273	32.89	160	90	22	0
Pct 7949	Election Day	7949	1	502	80	15.94	53	21	6	0
Pct 7949	VBM	7949	1	502	186	37.05	127	55	6	0
Pct 7951	Election Day	7951	1	705	92	13.05	67	20	5	0
Pct 7951	VBM	7951	1	705	266	37.73	161	91	16	0
Pct 7952	Election Day	7952	1	692	114	16.47	73	34	7	0
Pct 7952	VBM	7952	1	692	240	34.68	157	73	9	0
Pct 7953	Election Day	7953	1	744	122	16.40	84	33	6	0
Pct 7953	VBM	7953	1	744	282	37.90	160	101	19	0
Pct 7955	Election Day	7955	1	774	138	17.83	90	40	8	0
Pct 7955	VBM	7955	1	774	264	34.11	152	91	23	0
Pct 7956	Election Day	7956	1	642	95	14.80	66	20	10	0
Pct 7956	VBM	7956	1	642	229	35.67	145	75	13	0
Pct 7957	Election Day	7957	1	572	102	17.83	77	18	7	0
Pct 7957	VBM	7957	1	572	178	31.12	122	46	11	0
Pct 7958 MB	Election Day	7958	1	253	5	1.98	3	0	2	0
Pct 7958 MB	VBM	7958	1	253	110	43.48	80	28	3	0
Pct 9001 MB	Election Day	9001	1	228	4	1.75	3	1	0	0
Pct 9001 MB	VBM	9001	1	228	98	42.98	76	17	3	0
Pct 9101	Election Day	9101	1	831	188	22.62	124	51	13	0
Pct 9101	VBM	9101	1	831	269	32.37	156	90	22	0
Pct 9102	Election Day	9102	1	849	203	23.91	141	45	17	0
Pct 9102	VBM	9102	1	849	253	29.80	157	78	20	0
Pct 9103	Election Day	9103	1	828	184	22.22	120	52	12	0
Pct 9103	VBM	9103	1	828	249	30.07	154	75	20	0
Pct 9104	Election Day	9104	1	840	163	19.40	117	31	15	0
Pct 9104	VBM	9104	1	840	267	31.79	175	75	19	0
Pct 9105	Election Day	9105	1	878	199	22.67	140	44	17	0
Pct 9105	VBM	9105	1	878	282	32.12	194	76	16	0
Pct 9106	Election Day	9106	1	829	231	27.86	170	45	16	0
Pct 9106	VBM	9106	1	829	250	30.16	152	79	18	0
Pct 9107	Election Day	9107	1	718	175	24.37	119	37	18	1
Pct 9107	VBM	9107	1	718	195	27.16	125	53	18	0
Pct 9108	Election Day	9108	1	693	178	25.69	129	36	12	0
Pct 9108	VBM	9108	1	693	180	25.97	115	51	16	0
Pct 9109	Election Day	9109	1	751	214	28.50	149	56	9	0
Pct 9109	VBM	9109	1	751	211	28.10	141	54	17	0
Pct 9111	Election Day	9111	1	682	135	19.79	97	29	9	0
Pct 9111	VBM	9111	1	682	175	25.66	131	30	16	0
Pct 9112	Election Day	9112	1	850	223	26.24	158	53	12	0
Pct 9112	VBM	9112	1	850	244	28.71	172	55	16	0
Pct 9113	Election Day	9113	1	923	242	26.22	174	45	25	0
Pct 9113	VBM	9113	1	923	284	30.77	196	75	14	0
Pct 9114	Election Day	9114	1	777	167	21.49	123	34	10	0
Pct 9114	VBM	9114	1	777	225	28.96	151	59	17	0
Pct 9115	Election Day	9115	1	825	185	22.42	144	34	8	0
Pct 9115	VBM	9115	1	825	222	26.91	161	48	14	0
Pct 9116	Election Day	9116	1	850	211	24.82	154	36	22	0
Pct 9116	VBM	9116	1	850	207	24.35	142	57	11	0
Pct 9117	Election Day	9117	1	685	185	27.01	117	54	13	1
Pct 9117	VBM	9117	1	685	268	39.12	183	65	20	0
Pct 9118	Election Day	9118	1	830	193	23.25	110	63	20	0
Pct 9118	VBM	9118	1	830	229	27.59	137	75	21	0
Pct 9119	Election Day	9119	1	781	151	19.33	98	43	12	0
Pct 9119	VBM	9119	1	781	277	35.47	164	98	16	0
Pct 9121	Election Day	9121	1	800	172	21.50	111	44	17	0
Pct 9121	VBM	9121	1	800	236	29.50	156	69	12	0
Pct 9122	Election Day	9122	1	814	134	16.46	103	25	6	0
Pct 9122	VBM	9122	1	814	261	32.06	146	93	24	0
Pct 9123	Election Day	9123	1	758	162	21.37	115	40	7	0
Pct 9123	VBM	9123	1	758	208	27.44	132	64	16	0
Pct 9124	Election Day	9124	1	807	158	19.58	104	41	15	0
Pct 9124	VBM	9124	1	807	232	28.75	134	82	15	0
Pct 9125	Election Day	9125	1	784	142	18.11	108	19	16	0
Pct 9125	VBM	9125	1	784	259	33.04	159	75	23	0
Pct 9126	Election Day	9126	1	838	168	20.05	118	40	10	0
Pct 9126	VBM	9126	1	838	296	35.32	171	103	24	0
Pct 9127	Election Day	9127	1	882	230	26.08	152	61	15	0
Pct 9127	VBM	9127	1	882	281	31.86	190	75	16	0
Pct 9128	Election Day	9128	1	747	181	24.23	121	39	20	1
Pct 9128	VBM	9128	1	747	250	33.47	153	82	14	0
Pct 9129	Election Day	9129	1	647	175	27.05	124	34	17	0
Pct 9129	VBM	9129	1	647	181	27.98	123	51	9	0
Pct 9131	Election Day	9131	1	663	146	22.02	105	36	6	0
Pct 9131	VBM	9131	1	663	203	30.62	127	58	19	0
Pct 9132	Election Day	9132	1	793	176	22.19	131	30	15	0
Pct 9132	VBM	9132	1	793	179	22.57	127	34	20	0
Pct 9133	Election Day	9133	1	929	194	20.88	149	35	10	0
Pct 9133	VBM	9133	1	929	316	34.02	213	78	26	1
Pct 9134	Election Day	9134	1	720	165	22.92	113	35	19	0
Pct 9134	VBM	9134	1	720	221	30.69	134	68	19	0
Pct 9135	Election Day	9135	1	739	153	20.70	93	52	8	0
Pct 9135	VBM	9135	1	739	248	33.56	157	81	14	0
Pct 9136	Election Day	9136	1	794	181	22.80	127	40	14	0
Pct 9136	VBM	9136	1	794	239	30.10	152	72	17	0
Pct 9137	Election Day	9137	1	846	181	21.39	119	44	18	0
Pct 9137	VBM	9137	1	846	273	32.27	169	81	21	1
Pct 9138	Election Day	9138	1	794	136	17.13	95	32	9	0
Pct 9138	VBM	9138	1	794	272	34.26	173	85	13	0
Pct 9139	Election Day	9139	1	895	182	20.34	114	62	6	0
Pct 9139	VBM	9139	1	895	328	36.65	204	106	18	0
Pct 9141	Election Day	9141	1	848	192	22.64	120	58	14	0
Pct 9141	VBM	9141	1	848	280	33.02	174	83	22	0
Pct 9142	Election Day	9142	1	837	185	22.10	135	42	11	0
Pct 9142	VBM	9142	1	837	255	30.47	178	65	14	0
Pct 9143	Election Day	9143	1	835	192	22.99	136	46	10	0
Pct 9143	VBM	9143	1	835	244	29.22	147	71	28	0
Pct 9144	Election Day	9144	1	871	232	26.64	167	57	9	0
Pct 9144	VBM	9144	1	871	263	30.20	173	67	25	0
Pct 9145	Election Day	9145	1	784	196	25.00	151	33	13	0
Pct 9145	VBM	9145	1	784	245	31.25	165	61	19	0
Pct 9146	Election Day	9146	1	819	203	24.79	160	33	11	0
Pct 9146	VBM	9146	1	819	226	27.59	156	55	14	0
Pct 9147	Election Day	9147	1	882	233	26.42	158	57	18	0
Pct 9147	VBM	9147	1	882	253	28.68	166	61	32	0
Pct 9148	Election Day	9148	1	869	207	23.82	152	34	22	0
Pct 9148	VBM	9148	1	869	224	25.78	167	47	12	0
Pct 9149	Election Day	9149	1	862	206	23.90	151	43	12	0
Pct 9149	VBM	9149	1	862	244	28.31	172	56	15	0
Pct 9151	Election Day	9151	1	711	160	22.50	114	36	10	0
Pct 9151	VBM	9151	1	711	244	34.32	164	61	18	0
Pct 9152	Election Day	9152	1	660	87	13.18	70	7	11	0
Pct 9152	VBM	9152	1	660	141	21.36	91	40	10	0
Pct 9201	Election Day	9201	1	792	190	23.99	141	27	22	0
Pct 9201	VBM	9201	1	792	189	23.86	144	36	10	0
Pct 9202	Election Day	9202	1	794	185	23.30	125	48	13	0
Pct 9202	VBM	9202	1	794	157	19.77	108	41	12	0
Pct 9203	Election Day	9203	1	850	174	20.47	102	49	22	0
Pct 9203	VBM	9203	1	850	254	29.88	126	103	22	0
Pct 9204	Election Day	9204	1	739	178	24.09	112	38	27	0
Pct 9204	VBM	9204	1	739	213	28.82	118	75	17	0
Pct 9205	Election Day	9205	1	633	109	17.22	66	33	8	2
Pct 9205	VBM	9205	1	633	205	32.39	135	51	17	0
Pct 9206	Election Day	9206	1	831	164	19.74	90	59	15	0
Pct 9206	VBM	9206	1	831	298	35.86	152	112	35	0
Pct 9207	Election Day	9207	1	817	174	21.30	100	49	24	0
Pct 9207	VBM	9207	1	817	190	23.26	100	73	20	0
Pct 9208	Election Day	9208	1	810	166	20.49	104	41	18	1
Pct 9208	VBM	9208	1	810	181	22.35	104	59	11	0
Pct 9209	Election Day	9209	1	609	141	23.15	86	41	14	0
Pct 9209	VBM	9209	1	609	166	27.26	86	55	24	0
Pct 9211	Election Day	9211	1	747	158	21.15	96	48	14	1
Pct 9211	VBM	9211	1	747	180	24.10	88	69	27	0
Pct 9212	Election Day	9212	1	686	138	20.12	88	38	11	0
Pct 9212	VBM	9212	1	686	170	24.78	110	46	12	0
Pct 9213	Election Day	9213	1	819	153	18.68	99	43	11	0
Pct 9213	VBM	9213	1	819	223	27.23	140	67	15	1
Pct 9214	Election Day	9214	1	550	132	24.00	74	44	14	0
Pct 9214	VBM	9214	1	550	177	32.18	98	70	9	0
Pct 9215	Election Day	9215	1	571	155	27.15	96	51	8	0
Pct 9215	VBM	9215	1	571	152	26.62	92	50	12	0
Pct 9216	Election Day	9216	1	671	151	22.50	99	36	16	0
Pct 9216	VBM	9216	1	671	154	22.95	97	46	14	0
Pct 9217	Election Day	9217	1	619	150	24.23	97	38	15	0
Pct 9217	VBM	9217	1	619	170	27.46	109	55	17	0
Pct 9218	Election Day	9218	1	680	138	20.29	89	35	14	0
Pct 9218	VBM	9218	1	680	180	26.47	105	48	17	1
Pct 9219	Election Day	9219	1	688	147	21.37	99	30	18	0
Pct 9219	VBM	9219	1	688	154	22.38	96	49	18	0
Pct 9221	Election Day	9221	1	598	126	21.07	89	29	9	0
Pct 9221	VBM	9221	1	598	252	42.14	129	97	24	0
Pct 9222	Election Day	9222	1	763	172	22.54	109	50	14	0
Pct 9222	VBM	9222	1	763	276	36.17	159	90	28	0
Pct 9223	Election Day	9223	1	546	113	20.70	68	38	7	0
Pct 9223	VBM	9223	1	546	190	34.80	121	50	19	0
Pct 9224	Election Day	9224	1	880	185	21.02	106	62	17	0
Pct 9224	VBM	9224	1	880	282	32.05	166	92	22	1
Pct 9225	Election Day	9225	1	784	183	23.34	115	54	13	0
Pct 9225	VBM	9225	1	784	206	26.28	116	63	23	0
Pct 9226	Election Day	9226	1	812	152	18.72	83	46	24	0
Pct 9226	VBM	9226	1	812	255	31.40	140	88	27	0
Pct 9227	Election Day	9227	1	670	154	22.99	98	49	7	0
Pct 9227	VBM	9227	1	670	286	42.69	175	89	21	0
Pct 9228	Election Day	9228	1	679	190	27.98	119	52	19	0
Pct 9228	VBM	9228	1	679	274	40.35	153	93	28	0
Pct 9229	Election Day	9229	1	538	133	24.72	99	23	11	0
Pct 9229	VBM	9229	1	538	193	35.87	132	44	17	0
Pct 9231	Election Day	9231	1	908	254	27.97	180	52	21	1
Pct 9231	VBM	9231	1	908	239	26.32	175	49	12	0
Pct 9232	Election Day	9232	1	682	194	28.45	139	40	15	0
Pct 9232	VBM	9232	1	682	234	34.31	145	60	27	1
Pct 9233	Election Day	9233	1	708	147	20.76	89	38	19	0
Pct 9233	VBM	9233	1	708	271	38.28	171	72	27	0
Pct 9234	Election Day	9234	1	660	124	18.79	88	17	19	0
Pct 9234	VBM	9234	1	660	253	38.33	147	77	31	0
Pct 9235	Election Day	9235	1	838	209	24.94	140	56	13	0
Pct 9235	VBM	9235	1	838	266	31.74	168	81	18	0
Pct 9236	Election Day	9236	1	638	138	21.63	86	37	15	0
Pct 9236	VBM	9236	1	638	196	30.72	131	58	10	0
Pct 9237	Election Day	9237	1	796	169	21.23	124	26	21	0
Pct 9237	VBM	9237	1	796	264	33.17	172	83	16	0
Pct 9238	Election Day	9238	1	730	161	22.05	107	42	12	0
Pct 9238	VBM	9238	1	730	257	35.21	139	101	20	0
Pct 9239	Election Day	9239	1	763	152	19.92	100	42	10	0
Pct 9239	VBM	9239	1	763	283	37.09	162	99	19	0
Pct 9241	Election Day	9241	1	878	193	21.98	115	57	23	0
Pct 9241	VBM	9241	1	878	278	31.66	166	86	25	2
Pct 9242	Election Day	9242	1	835	180	21.56	128	36	16	0
Pct 9242	VBM	9242	1	835	242	28.98	151	74	16	0
Pct 9243	Election Day	9243	1	528	121	22.92	84	24	14	0
Pct 9243	VBM	9243	1	528	164	31.06	117	35	13	0
Pct 9244	Election Day	9244	1	755	171	22.65	122	33	17	0
Pct 9244	VBM	9244	1	755	207	27.42	130	52	25	0
Pct 9245	Election Day	9245	1	655	151	23.05	106	31	13	0
Pct 9245	VBM	9245	1	655	192	29.31	127	43	21	1
Pct 9246	Election Day	9246	1	803	170	21.17	114	45	13	0
Pct 9246	VBM	9246	1	803	250	31.13	157	69	21	0
Pct 9247	Election Day	9247	1	788	182	23.10	103	52	27	0
Pct 9247	VBM	9247	1	788	234	29.70	141	65	23	1
Pct 9248	Election Day	9248	1	754	173	22.94	127	30	17	0
Pct 9248	VBM	9248	1	754	217	28.78	146	58	12	0
Pct 9249	Election Day	9249	1	796	208	26.13	152	36	21	0
Pct 9249	VBM	9249	1	796	260	32.66	177	64	18	0
Pct 9251	Election Day	9251	1	827	214	25.88	150	52	12	0
Pct 9251	VBM	9251	1	827	269	32.53	164	85	22	0
Pct 9252	Election Day	9252	1	820	177	21.59	104	56	17	0
Pct 9252	VBM	9252	1	820	290	35.37	166	108	15	0
Pct 9253	Election Day	9253	1	712	170	23.88	100	51	19	0
Pct 9253	VBM	9253	1	712	200	28.09	141	52	12	0
Pct 9254	Election Day	9254	1	786	178	22.65	125	38	13	0
Pct 9254	VBM	9254	1	786	237	30.15	156	63	18	0
Pct 9255	Election Day	9255	1	471	123	26.11	77	31	16	0
Pct 9255	VBM	9255	1	471	115	24.42	67	34	14	0
Pct 9256	Election Day	9256	1	330	78	23.64	52	18	8	0
Pct 9256	VBM	9256	1	330	85	25.76	62	18	2	0
Pct 9257 MB	Election Day	9257	1	243	2	0.82	2	0	0	0
Pct 9257 MB	VBM	9257	1	243	131	53.91	101	23	7	1
Pct 9258	Election Day	9258	1	585	149	25.47	121	22	8	0
Pct 9258	VBM	9258	1	585	193	32.99	122	58	18	0
Pct 9401	Election Day	9401	1	826	218	26.39	164	30	25	0
Pct 9401	VBM	9401	1	826	221	26.76	163	47	12	1
Pct 9402	Election Day	9402	1	846	198	23.40	144	41	13	0
Pct 9402	VBM	9402	1	846	236	27.90	128	92	16	0
Pct 9403	Election Day	9403	1	798	161	20.18	106	40	15	0
Pct 9403	VBM	9403	1	798	227	28.45	137	69	20	0
Pct 9404	Election Day	9404	1	825	162	19.64	111	40	13	0
Pct 9404	VBM	9404	1	825	271	32.85	146	108	22	0
Pct 9405	Election Day	9405	1	692	159	22.98	92	56	12	0
Pct 9405	VBM	9405	1	692	203	29.34	122	68	13	0
Pct 9406	Election Day	9406	1	809	176	21.76	110	49	17	0
Pct 9406	VBM	9406	1	809	223	27.56	148	61	18	0
Pct 9407	Election Day	9407	1	806	182	22.58	129	37	16	0
Pct 9407	VBM	9407	1	806	205	25.43	132	58	18	0
Pct 9408	Election Day	9408	1	738	151	20.46	108	30	13	0
Pct 9408	VBM	9408	1	738	182	24.66	135	31	20	0
Pct 9409	Election Day	9409	1	558	128	22.94	99	20	12	0
Pct 9409	VBM	9409	1	558	144	25.81	93	37	13	0
Pct 9411	Election Day	9411	1	875	182	20.80	141	27	14	0
Pct 9411	VBM	9411	1	875	231	26.40	177	39	14	0
Pct 9412	Election Day	9412	1	806	196	24.32	139	35	22	0
Pct 9412	VBM	9412	1	806	243	30.15	156	66	22	0
Pct 9413	Election Day	9413	1	815	137	16.81	90	29	18	0
Pct 9413	VBM	9413	1	815	270	33.13	150	94	27	0
Pct 9414	Election Day	9414	1	819	147	17.95	98	39	10	0
Pct 9414	VBM	9414	1	819	276	33.70	172	86	20	0
Pct 9415	Election Day	9415	1	691	126	18.23	78	33	15	0
Pct 9415	VBM	9415	1	691	214	30.97	132	74	16	0
Pct 9416	Election Day	9416	1	868	181	20.85	134	38	9	0
Pct 9416	VBM	9416	1	868	251	28.92	149	76	24	0
Pct 9417	Election Day	9417	1	684	100	14.62	60	35	5	0
Pct 9417	VBM	9417	1	684	223	32.60	126	85	13	0
Pct 9418	Election Day	9418	1	705	133	18.87	76	48	10	0
Pct 9418	VBM	9418	1	705	234	33.19	134	79	23	0
Pct 9419	Election Day	9419	1	797	173	21.71	100	60	14	0
Pct 9419	VBM	9419	1	797	279	35.01	143	117	20	0
Pct 9421	Election Day	9421	1	809	129	15.95	85	38	6	0
Pct 9421	VBM	9421	1	809	291	35.97	156	119	20	0
Pct 9422	Election Day	9422	1	947	188	19.85	120	49	20	1
Pct 9422	VBM	9422	1	947	270	28.51	155	94	25	0
Pct 9423	Election Day	9423	1	805	160	19.88	99	45	16	0
Pct 9423	VBM	9423	1	805	238	29.57	138	73	28	0
Pct 9424	Election Day	9424	1	835	162	19.40	103	42	17	0
Pct 9424	VBM	9424	1	835	289	34.61	149	118	20	0
Pct 9425	Election Day	9425	1	816	139	17.03	86	42	11	0
Pct 9425	VBM	9425	1	816	255	31.25	154	83	20	0
Pct 9426	Election Day	9426	1	721	119	16.50	71	42	6	0
Pct 9426	VBM	9426	1	721	244	33.84	151	79	14	0
Pct 9427	Election Day	9427	1	809	141	17.43	89	40	12	0
Pct 9427	VBM	9427	1	809	273	33.75	138	111	22	0
Pct 9428	Election Day	9428	1	853	122	14.30	76	36	11	0
Pct 9428	VBM	9428	1	853	311	36.46	185	100	27	0
Pct 9429	Election Day	9429	1	785	187	23.82	107	66	14	0
Pct 9429	VBM	9429	1	785	245	31.21	139	90	16	0
Pct 9431	Election Day	9431	1	881	175	19.86	110	46	19	0
Pct 9431	VBM	9431	1	881	324	36.78	192	107	29	0
Pct 9432	Election Day	9432	1	845	169	20.00	104	51	14	0
Pct 9432	VBM	9432	1	845	264	31.24	157	86	21	0
Pct 9433	Election Day	9433	1	845	130	15.38	80	41	9	1
Pct 9433	VBM	9433	1	845	268	31.72	145	106	19	0
Pct 9434	Election Day	9434	1	882	179	20.29	105	56	17	0
Pct 9434	VBM	9434	1	882	292	33.11	181	97	19	0
Pct 9435	Election Day	9435	1	865	189	21.85	106	61	21	0
Pct 9435	VBM	9435	1	865	262	30.29	162	85	21	0
Pct 9436	Election Day	9436	1	915	148	16.17	93	43	12	0
Pct 9436	VBM	9436	1	915	284	31.04	145	116	32	0
Pct 9437	Election Day	9437	1	811	164	20.22	89	62	13	0
Pct 9437	VBM	9437	1	811	263	32.43	136	98	32	0
Pct 9438	Election Day	9438	1	844	152	18.01	88	49	14	0
Pct 9438	VBM	9438	1	844	289	34.24	146	119	27	0
Pct 9439	Election Day	9439	1	829	129	15.56	82	44	3	0
Pct 9439	VBM	9439	1	829	272	32.81	160	95	23	0
Pct 9441	Election Day	9441	1	887	175	19.73	122	42	11	0
Pct 9441	VBM	9441	1	887	315	35.51	177	115	24	0
Pct 9442	Election Day	9442	1	894	194	21.70	130	49	20	0
Pct 9442	VBM	9442	1	894	240	26.85	138	84	18	0
Pct 9443	Election Day	9443	1	793	167	21.06	110	43	15	0
Pct 9443	VBM	9443	1	793	273	34.43	168	92	15	0
Pct 9444	Election Day	9444	1	845	131	15.50	82	39	11	0
Pct 9444	VBM	9444	1	845	253	29.94	140	92	20	0
Pct 9445	Election Day	9445	1	852	160	18.78	88	59	13	0
Pct 9445	VBM	9445	1	852	291	34.15	152	118	27	0
Pct 9446	Election Day	9446	1	915	191	20.87	116	63	12	0
Pct 9446	VBM	9446	1	915	320	34.97	172	133	18	0
Pct 9447	Election Day	9447	1	850	186	21.88	122	43	21	0
Pct 9447	VBM	9447	1	850	282	33.18	137	117	26	0
Pct 9448	Election Day	9448	1	824	144	17.48	91	43	9	0
Pct 9448	VBM	9448	1	824	288	34.95	167	95	30	0
Pct 9449	Election Day	9449	1	695	99	14.24	58	35	6	0
Pct 9449	VBM	9449	1	695	245	35.25	128	101	14	0
Pct 9451	Election Day	9451	1	378	70	18.52	49	20	1	0
Pct 9451	VBM	9451	1	378	136	35.98	63	66	8	0
Pct 9452	Election Day	9452	1	720	176	24.44	99	65	12	0
Pct 9452	VBM	9452	1	720	222	30.83	122	80	20	0
Pct 9453	Election Day	9453	1	426	91	21.36	51	31	9	0
Pct 9453	VBM	9453	1	426	152	35.68	65	73	15	0
Pct 9501 MB	Election Day	9501	1	135	1	0.74	1	0	0	0
Pct 9501 MB	VBM	9501	1	135	69	51.11	48	13	8	0
Pct 9502 MB	Election Day	9502	1	188	1	0.53	1	0	0	0
Pct 9502 MB	VBM	9502	1	188	119	63.30	86	24	10	0
Pct 9503/9504	Election Day	9503	1	620	119	19.19	87	18	9	0
Pct 9503/9504	VBM	9503	1	620	161	25.97	114	33	14	0
Pct 9505	Election Day	9505	1	711	119	16.74	84	20	11	0
Pct 9505	VBM	9505	1	711	203	28.55	154	41	9	0
Pct 9506	Election Day	9506	1	716	123	17.18	102	11	7	0
Pct 9506	VBM	9506	1	716	184	25.70	159	17	9	0
Pct 9507	Election Day	9507	1	670	160	23.88	128	23	5	0
Pct 9507	VBM	9507	1	670	194	28.96	152	32	11	0
Pct 9508	Election Day	9508	1	707	178	25.18	148	14	12	0
Pct 9508	VBM	9508	1	707	166	23.48	140	20	6	0
Pct 9509	Election Day	9509	1	592	160	27.03	126	20	13	0
Pct 9509	VBM	9509	1	592	159	26.86	123	30	7	0
Pct 9511	Election Day	9511	1	572	173	30.24	137	22	11	0
Pct 9511	VBM	9511	1	572	145	25.35	121	16	8	0
Pct 9512	Election Day	9512	1	701	140	19.97	119	11	5	0
Pct 9512	VBM	9512	1	701	201	28.67	156	37	11	0
Pct 9513	Election Day	9513	1	817	200	24.48	162	28	10	0
Pct 9513	VBM	9513	1	817	207	25.34	173	27	10	0
Pct 9514/9522	Election Day	9514	1	859	275	32.01	202	42	30	0
Pct 9514/9522	VBM	9514	1	859	218	25.38	168	33	18	0
Pct 9515	Election Day	9515	1	657	195	29.68	138	34	19	0
Pct 9515	VBM	9515	1	657	168	25.57	125	38	10	0
Pct 9516	Election Day	9516	1	792	217	27.40	159	39	16	0
Pct 9516	VBM	9516	1	792	232	29.29	158	54	21	0
Pct 9517	Election Day	9517	1	734	169	23.02	132	25	14	0
Pct 9517	VBM	9517	1	734	209	28.47	159	32	21	0
Pct 9518	Election Day	9518	1	690	173	25.07	137	23	12	0
Pct 9518	VBM	9518	1	690	169	24.49	130	31	10	0
Pct 9519	Election Day	9519	1	822	214	26.03	152	38	16	0
Pct 9519	VBM	9519	1	822	226	27.49	156	57	13	0
Pct 9521	Election Day	9521	1	844	271	32.11	220	36	17	0
Pct 9521	VBM	9521	1	844	225	26.66	159	53	15	0
Pct 9701	Election Day	9701	1	613	153	24.96	121	25	8	0
Pct 9701	VBM	9701	1	613	179	29.20	116	44	20	0
Pct 9702	Election Day	9702	1	679	188	27.69	146	27	15	0
Pct 9702	VBM	9702	1	679	199	29.31	139	48	11	0
Pct 9703	Election Day	9703	1	890	190	21.35	121	52	16	0
Pct 9703	VBM	9703	1	890	319	35.84	188	102	30	0
Pct 9704	Election Day	9704	1	883	215	24.35	143	64	8	0
Pct 9704	VBM	9704	1	883	318	36.01	190	100	28	0
Pct 9705	Election Day	9705	1	813	213	26.20	171	30	12	0
Pct 9705	VBM	9705	1	813	238	29.27	155	69	16	0
Pct 9706 MB	Election Day	9706	1	55	2	3.64	2	0	0	0
Pct 9706 MB	VBM	9706	1	55	33	60.00	25	7	1	0
Pct 9707	Election Day	9707	1	734	138	18.80	86	43	8	0
Pct 9707	VBM	9707	1	734	291	39.65	160	111	18	0
Pct 9708	Election Day	9708	1	828	182	21.98	129	46	7	0
Pct 9708	VBM	9708	1	828	272	32.85	183	73	16	0
Pct 9709	Election Day	9709	1	867	202	23.30	123	64	14	1
Pct 9709	VBM	9709	1	867	267	30.80	152	97	18	0
Pct 9711	Election Day	9711	1	580	164	28.28	104	49	11	0
Pct 9711	VBM	9711	1	580	208	35.86	123	74	14	0
Pct 9712	Election Day	9712	1	590	147	24.92	103	42	5	0
Pct 9712	VBM	9712	1	590	240	40.68	137	87	14	0
Pct 9713	Election Day	9713	1	854	170	19.91	95	59	16	0
Pct 9713	VBM	9713	1	854	292	34.19	167	112	12	0
Pct 9714	Election Day	9714	1	863	197	22.83	113	75	9	0
Pct 9714	VBM	9714	1	863	333	38.59	186	124	22	0
Pct 9715	Election Day	9715	1	547	146	26.69	100	31	14	0
Pct 9715	VBM	9715	1	547	217	39.67	118	88	10	0
Pct 9716	Election Day	9716	1	845	177	20.95	112	55	10	0
Pct 9716	VBM	9716	1	845	286	33.85	165	106	19	0
Pct 9717	Election Day	9717	1	903	198	21.93	116	72	10	0
Pct 9717	VBM	9717	1	903	293	32.45	176	99	17	0
Pct 9718	Election Day	9718	1	798	220	27.57	135	75	10	0
Pct 9718	VBM	9718	1	798	316	39.60	188	116	15	0
Pct 9719	Election Day	9719	1	833	214	25.69	127	73	14	0
Pct 9719	VBM	9719	1	833	333	39.98	210	109	13	0
Pct 9721	Election Day	9721	1	607	175	28.83	103	59	14	0
Pct 9721	VBM	9721	1	607	220	36.24	122	84	14	0
Pct 9722	Election Day	9722	1	578	123	21.28	71	48	5	0
Pct 9722	VBM	9722	1	578	234	40.48	133	83	20	1
Pct 9723	Election Day	9723	1	407	59	14.50	28	28	3	0
Pct 9723	VBM	9723	1	407	182	44.72	78	89	15	0
Pct 9724	Election Day	9724	1	835	143	17.13	68	66	9	0
Pct 9724	VBM	9724	1	835	337	40.36	164	160	17	0
Pct 9725	Election Day	9725	1	886	145	16.37	60	73	13	0
Pct 9725	VBM	9725	1	886	355	40.07	169	158	31	0
Pct 9726	Election Day	9726	1	680	122	17.94	86	28	8	0
Pct 9726	VBM	9726	1	680	149	21.91	100	42	10	0
Pct 9727	Election Day	9727	1	408	81	19.85	46	27	8	0
Pct 9727	VBM	9727	1	408	165	40.44	77	84	5	0
Pct 9728	Election Day	9728	1	881	193	21.91	113	74	6	0
Pct 9728	VBM	9728	1	881	354	40.18	196	140	17	0
Pct 9729	Election Day	9729	1	713	171	23.98	98	64	10	0
Pct 9729	VBM	9729	1	713	280	39.27	134	131	14	0
Pct 9731	Election Day	9731	1	496	158	31.85	91	57	10	1
Pct 9731	VBM	9731	1	496	175	35.28	85	72	17	0
Pct 9732 MB	Election Day	9732	1	67	2	2.99	2	0	0	0
Pct 9732 MB	VBM	9732	1	67	43	64.18	26	16	1	0
Pct 9733 MB	Election Day	9733	1	206	2	0.97	1	1	0	0
Pct 9733 MB	VBM	9733	1	206	138	66.99	103	28	7	0
Pct 9734	Election Day	9734	1	568	125	22.01	73	47	6	0
Pct 9734	VBM	9734	1	568	259	45.60	142	101	15	0
Pct 9735	Election Day	9735	1	730	184	25.21	116	54	14	0
Pct 9735	VBM	9735	1	730	304	41.64	162	123	20	0
Pct 9736	Election Day	9736	1	657	163	24.81	99	54	10	0
Pct 9736	VBM	9736	1	657	274	41.70	170	88	16	0
Pct 9737	Election Day	9737	1	734	168	22.89	116	35	16	1
Pct 9737	VBM	9737	1	734	305	41.55	179	101	24	0
Pct 9738	Election Day	9738	1	657	122	18.57	76	39	7	0
Pct 9738	VBM	9738	1	657	224	34.09	140	67	16	0
Pct 9739	Election Day	9739	1	755	137	18.15	108	18	10	0
Pct 9739	VBM	9739	1	755	155	20.53	99	45	11	0
Pct 9741	Election Day	9741	1	648	51	7.87	40	3	8	0
Pct 9741	VBM	9741	1	648	22	3.40	11	8	3	0
Pct 9742	Election Day	9742	1	566	117	20.67	68	44	6	0
Pct 9742	VBM	9742	1	566	183	32.33	100	70	14	0
Pct 9743	Election Day	9743	1	850	161	18.94	114	33	16	0
Pct 9743	VBM	9743	1	850	238	28.00	164	66	8	0
Pct 9744	Election Day	9744	1	829	167	20.14	122	35	10	0
Pct 9744	VBM	9744	1	829	180	21.71	123	41	16	0
Pct 9745	Election Day	9745	1	871	146	16.76	103	39	4	0
Pct 9745	VBM	9745	1	871	155	17.80	112	39	5	0
Pct 9746	Election Day	9746	1	858	204	23.78	127	65	15	0
Pct 9746	VBM	9746	1	858	312	36.36	189	102	23	0
Pct 9747	Election Day	9747	1	866	202	23.33	136	47	18	0
Pct 9747	VBM	9747	1	866	258	29.79	169	76	15	0
Pct 9748	Election Day	9748	1	901	205	22.75	143	52	10	0
Pct 9748	VBM	9748	1	901	297	32.96	191	97	12	0
Pct 9749	Election Day	9749	1	771	114	14.79	72	37	6	0
Pct 9749	VBM	9749	1	771	206	26.72	138	59	10	0
Pct 9751	Election Day	9751	1	860	189	21.98	124	52	13	0
Pct 9751	VBM	9751	1	860	329	38.26	217	89	21	0
Pct 9752	Election Day	9752	1	651	135	20.74	88	37	10	0
Pct 9752	VBM	9752	1	651	282	43.32	171	98	15	0
Pct 9753	Election Day	9753	1	688	116	16.86	81	29	6	0
Pct 9753	VBM	9753	1	688	235	34.16	151	69	18	0
Pct 9754	Election Day	9754	1	663	151	22.78	107	32	12	0
Pct 9754	VBM	9754	1	663	240	36.20	168	66	6	0
Pct 9755	Election Day	9755	1	513	122	23.78	84	29	9	0
Pct 9755	VBM	9755	1	513	173	33.72	115	50	8	0
Pct 9756	Election Day	9756	1	790	108	13.67	74	26	8	0
Pct 9756	VBM	9756	1	790	267	33.80	174	85	17	0
Pct 9801	Election Day	9801	1	393	70	17.81	48	17	5	0
Pct 9801	VBM	9801	1	393	139	35.37	83	44	11	0